Date,Open,High,Low,Close,Volume
25-11-2020,10.25,10.35,9.64,9.72,116337076
24-11-2020,10.5,10.74,10.13,10.27,108833860
23-11-2020,10.28,10.6,10.17,10.4,57281880
20-11-2020,9.6,10.13,9.5,10.04,138280569
19-11-2020,9.12,9.59,9.04,9.27,61502235
18-11-2020,9.24,9.56,9.11,9.2,44235135
17-11-2020,9.11,10.02,9.1,9.29,151265135
14-11-2020,8.92,9.25,8.79,9.11,59848835
13-11-2020,8.48,8.83,8.47,8.72,46136892
12-11-2020,8.46,8.6,8.39,8.51,22475193
11-11-2020,8.5,8.64,8.4,8.48,27164489
10-11-2020,8.69,8.7,8.5,8.53,26669822
09-11-2020,8.7,8.79,8.55,8.68,34701666
06-11-2020,8.44,8.99,8.42,8.6,31762951
05-11-2020,8.47,8.58,8.35,8.47,26972786
04-11-2020,8.5,8.58,8.36,8.41,25118303
03-11-2020,8.73,8.73,8.52,8.58,28225575
02-11-2020,8.77,8.9,8.41,8.71,51444705
30-10-2020,8,8.92,8,8.75,93918936
29-10-2020,8.68,8.71,8.28,8.38,36166385
28-10-2020,8.65,9.05,8.57,8.68,42220349
27-10-2020,8.7,8.85,8.66,8.73,25125193
26-10-2020,9.07,9.13,8.85,8.9,31973800
23-10-2020,9.03,9.25,8.89,9.07,60426403
22-10-2020,8.42,8.98,8.42,8.88,39924142
21-10-2020,8.73,8.9,8.48,8.63,51176518
20-10-2020,7.88,8.87,7.74,8.73,96454529
19-10-2020,8.1,8.16,7.6,7.95,40979330
16-10-2020,8.01,8.29,7.94,8.03,24605687
15-10-2020,8.27,8.33,7.93,7.99,46193356
14-10-2020,8.68,8.68,8.23,8.4,25722802
13-10-2020,8.55,8.67,8.47,8.54,22229455
12-10-2020,8.94,9.01,8.65,8.7,23883720
09-10-2020,9.06,9.18,8.87,8.9,19594609
08-10-2020,8.57,9.18,8.56,8.93,36991258
07-10-2020,8.77,8.86,8.5,8.53,45734890
06-10-2020,9.06,9.15,8.76,8.8,42413798
05-10-2020,9.25,9.48,8.94,9.02,46839447
01-10-2020,9.25,9.5,9.11,9.24,51014603
30-09-2020,9.75,10.06,9.31,9.56,70864878
29-09-2020,10.11,10.25,9.54,9.81,61693486
28-09-2020,10.7,10.75,10.12,10.34,94780959
25-09-2020,9.35,10.48,9.06,10.36,130005204
24-09-2020,8.9,9.44,8.55,9.12,112586861
23-09-2020,10.2,10.2,8.81,9.22,98081628
22-09-2020,10.28,10.45,9.66,10.25,68516855
21-09-2020,11.25,11.36,10.3,10.39,70619086
18-09-2020,11.13,11.65,11.06,11.27,60419153
17-09-2020,11.36,11.43,11.11,11.27,41283223
16-09-2020,11.83,11.83,11.46,11.52,27714982
15-09-2020,11.84,12.2,11.66,11.75,130782163
14-09-2020,11.4,11.86,11.04,11.57,63923367
11-09-2020,11.41,11.42,10.91,11.13,48009806
10-09-2020,11.29,11.55,11.02,11.42,51507255
09-09-2020,10.92,11.24,10.54,11.07,92493884
08-09-2020,12.49,12.55,11.18,11.34,80750232
07-09-2020,13.21,13.21,11.95,12.3,208975240
04-09-2020,11.31,13.45,11.31,12.01,366230776
03-09-2020,10.5,12.88,10.45,12.56,358274474
02-09-2020,9.25,10.1,9.25,9.91,140138197
01-09-2020,10.8,10.95,7.69,8.89,224905114
31-08-2020,10.4,11.07,9.6,10.19,148869422
28-08-2020,8.93,10.43,8.93,10.1,306450013
27-08-2020,8.88,8.96,8.74,8.88,51554690
26-08-2020,8.96,9.05,8.85,8.92,28322039
25-08-2020,9.21,9.25,8.91,9.02,30253902
24-08-2020,8.51,9.24,8.42,9.09,114998893
21-08-2020,8.35,8.68,8.35,8.53,29230447
20-08-2020,8.65,8.78,8.47,8.51,32531009
19-08-2020,8.72,8.88,8.62,8.71,24916333
18-08-2020,8.95,8.98,8.72,8.85,35000568
17-08-2020,9.11,9.13,8.85,8.98,27345511
14-08-2020,9.04,9.33,8.71,8.93,51549792
13-08-2020,8.91,9.13,8.79,9.04,43293367
12-08-2020,8.63,9.03,8.53,8.86,45913383
11-08-2020,9,9,8.65,8.71,27436768
10-08-2020,9,9.19,8.82,9.09,71981702
07-08-2020,7.9,8.93,7.64,8.83,112188422
06-08-2020,8.28,8.47,8.15,8.25,38463013
05-08-2020,8.6,8.74,8.15,8.31,60074627
04-08-2020,8.65,8.92,8.51,8.63,69686138
03-08-2020,8.4,8.81,8.05,8.72,103900898
31-07-2020,8.1,8.45,8.1,8.4,80743685
30-07-2020,8.22,8.47,7.96,8.01,102416176
29-07-2020,8.04,8.62,7.87,8.26,95978188
28-07-2020,8.06,8.13,7.82,8.06,61306195
27-07-2020,8.22,8.4,8.02,8.07,51843850
24-07-2020,8.47,8.54,8.14,8.42,40331485
23-07-2020,8.75,8.9,8.53,8.59,30153141
22-07-2020,8.45,9,8.35,8.53,97890102
21-07-2020,8.99,8.99,8.15,8.31,88984332
20-07-2020,9.48,9.69,8.28,9.04,112385654
17-07-2020,7.65,9.04,7.42,8.88,117588911
16-07-2020,8.7,8.74,7.17,7.87,147806490
15-07-2020,9.21,9.33,8.41,8.65,81917946
14-07-2020,9.65,9.7,9.28,9.34,55990496
13-07-2020,9.99,10.09,9.5,9.76,52241037
10-07-2020,9.16,9.85,8.75,9.75,188473320
09-07-2020,9.31,9.49,9.02,9.37,50081280
08-07-2020,9.59,9.89,9.11,9.26,80397417
07-07-2020,9.82,9.88,9.45,9.58,60108199
06-07-2020,10.06,10.13,9.76,9.82,52987538
03-07-2020,10.07,10.24,9.84,10.03,44891162
02-07-2020,10.14,10.4,9.75,10.04,87129082
01-07-2020,10.35,10.73,10.04,10.16,92180734
30-06-2020,11.45,11.45,10.5,10.62,149068645
29-06-2020,10.6,11.25,10.14,11.12,144104293
26-06-2020,9.81,10.75,9.76,10.39,163022678
25-06-2020,9.33,10.05,9.27,9.82,92933012
24-06-2020,10.45,10.45,9.51,9.81,74189959
23-06-2020,10.1,10.48,10.05,10.24,68443685
22-06-2020,9.2,10.28,9.07,10.08,132284954
19-06-2020,9.72,9.9,9.07,9.14,96890421
18-06-2020,9.83,10.31,9.07,9.76,177183095
17-06-2020,9.39,9.96,9.35,9.85,71963551
16-06-2020,10.34,10.4,9.22,9.76,107685738
15-06-2020,11,11,9.91,10.14,111713743
12-06-2020,8.46,10.29,8.11,10.15,158936939
11-06-2020,11.17,11.44,9.2,9.39,298546403
10-06-2020,9.7,10.97,9.15,10.82,131796674
09-06-2020,12.49,12.49,9.41,10.08,182009790
08-06-2020,11.57,12.62,11.22,11.99,227590578
05-06-2020,9.26,10.78,9.06,10.52,227843925
04-06-2020,8.2,8.88,8.02,8.63,107616172
03-06-2020,8.05,8.88,7.83,8.11,145991450
02-06-2020,6.65,7.87,6.61,7.73,126797062
01-06-2020,6.47,6.85,6.03,6.56,76739670
29-05-2020,6.4,7.85,6.4,6.56,328129726
28-05-2020,5.72,6.05,5.7,5.82,97677767
27-05-2020,5.63,5.7,5.55,5.67,37239305
26-05-2020,5.55,5.74,5.53,5.61,38481204
22-05-2020,5.49,5.68,5.37,5.53,51291415
21-05-2020,5.64,5.83,5.34,5.52,61649255
20-05-2020,5.61,5.93,5.53,5.65,84333288
19-05-2020,4.82,5.65,4.68,5.46,137152860
18-05-2020,4.93,5.11,4.63,4.67,44915848
15-05-2020,4.73,4.97,4.57,4.89,43478396
14-05-2020,4.81,4.98,4.7,4.76,31361179
13-05-2020,5.43,5.43,4.84,4.92,59591224
12-05-2020,4.65,4.99,4.5,4.94,70980941
11-05-2020,4.19,4.78,4.19,4.58,106304910
08-05-2020,4.17,4.29,4.15,4.17,29624567
07-05-2020,4.25,4.3,4.12,4.16,26336050
06-05-2020,4.14,4.37,4.07,4.28,60885932
05-05-2020,4.27,4.28,4.11,4.14,30766451
04-05-2020,4.07,4.32,3.94,4.18,57420024
30-04-2020,4.37,4.4,4.14,4.2,37700692
29-04-2020,4.04,4.3,3.92,4.21,41541485
28-04-2020,4.15,4.19,3.97,4.01,34370495
27-04-2020,4.03,4.19,4.03,4.1,24095162
24-04-2020,4.27,4.27,3.96,3.99,34612260
23-04-2020,4.35,4.55,4.16,4.33,75847466
22-04-2020,3.83,4.05,3.72,3.96,46509341
21-04-2020,3.75,3.83,3.61,3.71,31919105
20-04-2020,4.1,4.17,3.8,3.92,33454411
17-04-2020,4.27,4.39,3.84,4.1,55622777
16-04-2020,4.54,4.66,4.2,4.25,35741613
15-04-2020,4.41,4.88,4.04,4.24,61050699
13-04-2020,3.34,4.24,3.31,4.1,55317755
09-04-2020,3.24,3.3,3.21,3.28,15932361
08-04-2020,3.2,3.25,3.15,3.2,18308026
07-04-2020,3.3,3.33,3.16,3.22,16951576
03-04-2020,3.08,3.3,3.03,3.15,19758481
01-04-2020,3.12,3.15,3.02,3.04,20998293
31-03-2020,3.19,3.23,3.05,3.11,17906138
30-03-2020,3.27,3.27,3.11,3.16,16274219
27-03-2020,3.3,3.31,3.21,3.22,20174045
26-03-2020,3.38,3.39,3.25,3.27,24521375
25-03-2020,3.36,3.45,3.26,3.34,21155736
24-03-2020,3.38,3.45,3.16,3.36,39434606
23-03-2020,3.3,3.39,3.11,3.15,41143614
20-03-2020,3.58,3.58,3.32,3.46,55786678
19-03-2020,3.26,3.57,3.03,3.33,81456981
18-03-2020,5.33,5.57,2.91,3.16,242832280
17-03-2020,6.01,6.25,4.71,4.85,76564544
16-03-2020,5.55,6.75,5.15,5.73,109141567
13-03-2020,3.86,5.8,3.78,5.63,130597502
12-03-2020,4.7,4.7,4.05,4.2,130010432
11-03-2020,4.35,4.94,4.1,4.34,100134599
09-03-2020,3.41,4.3,3.3,4,77550616
06-03-2020,3.38,3.44,3.2,3.31,49329391
05-03-2020,3.41,3.85,3.31,3.59,54995832
04-03-2020,3.73,3.78,3.41,3.59,41997067
03-03-2020,3.6,3.9,3.31,3.66,48299090
02-03-2020,3.93,4.09,3.31,3.45,34949637
28-02-2020,3.8,3.94,3.57,3.86,55490753
27-02-2020,4.04,4.2,3.71,3.82,64744398
26-02-2020,3.87,4.13,3.63,3.97,51974097
25-02-2020,3.96,4.26,3.52,3.95,85219219
24-02-2020,4.84,5.01,3.82,3.88,103360318
20-02-2020,4.44,4.98,4.23,4.4,136178081
19-02-2020,3.2,4.49,3.13,4.19,143256435
18-02-2020,3.28,3.28,2.83,3.03,153183006
17-02-2020,3.78,4.09,3.31,3.42,99172355
14-02-2020,4.15,5.25,3.25,3.44,194919480
13-02-2020,4.5,4.54,4.41,4.48,11315637
12-02-2020,4.87,4.87,4.45,4.51,78432768
11-02-2020,5.07,5.15,4.75,4.87,37014872
10-02-2020,5.42,5.44,5.01,5.05,13111225
07-02-2020,5.2,5.37,5.06,5.19,17132339
06-02-2020,5.32,5.5,5.1,5.18,13011437
05-02-2020,5.28,5.34,4.97,5.24,16266620
04-02-2020,5.4,5.44,5.24,5.26,12075965
03-02-2020,5.2,5.49,5.08,5.35,24053791
01-02-2020,5.36,5.5,5.23,5.28,16153139
31-01-2020,5.26,5.43,5.14,5.31,17663363
30-01-2020,5.26,5.6,5.01,5.18,24287574
29-01-2020,5.37,5.67,5.19,5.26,31836822
28-01-2020,5.88,5.89,4.9,5.37,32809832
27-01-2020,5.88,6.03,5.77,5.81,16254509
24-01-2020,6.02,6.1,5.78,6.05,31606154
23-01-2020,5.61,6.08,5.59,5.91,46120505
22-01-2020,5.97,6.03,5.45,5.63,44220433
21-01-2020,5.34,6.04,5.34,5.92,86065830
20-01-2020,4.7,5.12,4.58,4.86,40024781
17-01-2020,5.43,5.43,3.66,4.51,137818268
16-01-2020,6.1,6.31,5.98,6.03,26715553
15-01-2020,6.1,6.1,5.87,6,29303673
14-01-2020,6.19,6.19,6.06,6.1,13736780
13-01-2020,6.14,6.23,5.99,6.17,30381838
10-01-2020,6.28,6.35,6.02,6.07,17759890
09-01-2020,6.52,6.65,5.86,6.26,43833119
08-01-2020,5.95,6.58,5.75,6.51,45120564
07-01-2020,6.03,6.18,5.92,5.97,13034404
06-01-2020,6.08,6.09,5.94,6.02,14312582
03-01-2020,6.11,6.19,6.02,6.12,14819223
02-01-2020,6.02,6.18,5.99,6.11,11162888
01-01-2020,6.19,6.28,6.02,6.11,12292995
31-12-2019,6.19,6.25,5.97,6.16,34209114
30-12-2019,5.79,6.33,5.77,6.15,33150429
27-12-2019,6.07,6.14,5.77,5.83,18413141
26-12-2019,6.34,6.42,5.96,6.05,23797593
24-12-2019,6.35,6.47,6.23,6.32,20820028
23-12-2019,6.44,6.57,6.3,6.39,20083651
20-12-2019,6.39,6.61,6.3,6.52,23412924
19-12-2019,6.42,6.7,6.36,6.58,29837437
18-12-2019,7.22,7.3,6.32,6.42,38996263
17-12-2019,6.59,6.99,6.36,6.9,29338807
16-12-2019,6.94,6.94,6.58,6.61,24618803
13-12-2019,6.81,7.09,6.76,6.92,33876247
12-12-2019,6.85,7.02,6.7,6.77,16304304
11-12-2019,6.61,7.08,6.59,6.69,30362338
10-12-2019,6.23,6.83,6.19,6.56,37198428
09-12-2019,6.58,6.69,6.07,6.49,35795817
06-12-2019,7.12,7.35,6.66,6.92,52866712
05-12-2019,7.63,7.64,7.01,7.31,46087703
04-12-2019,7.16,7.86,7,7.74,61612520
03-12-2019,7.9,7.94,6.72,7.05,70899004
02-12-2019,7.51,8.49,7.51,7.79,115350427
29-11-2019,6.7,7.19,6.64,6.83,57060613
28-11-2019,5.93,6.82,5.9,6.62,68108827
27-11-2019,6.24,6.37,5.77,5.89,54798345
26-11-2019,6.58,6.78,5.7,6.04,89088086
25-11-2019,6.32,6.99,6.16,6.84,71686591
22-11-2019,6.65,6.92,6.06,6.56,66621232
21-11-2019,7.77,8.13,6.21,6.64,112433083
20-11-2019,6.62,7.93,6.62,7.07,216462780
19-11-2019,4.91,6.39,4.91,6.02,141086338
18-11-2019,4,4.55,3.92,4.47,74154631
15-11-2019,2.66,3.89,2.61,3.68,124758326
14-11-2019,3.33,3.44,2.9,2.95,82052426
13-11-2019,3.77,3.99,3.66,3.7,33315111
11-11-2019,3.8,4.04,3.71,4,24464434
08-11-2019,3.89,4.04,3.71,3.78,40105546
07-11-2019,3.89,4.14,3.85,3.92,29003982
06-11-2019,4.13,4.13,3.83,3.86,30105306
05-11-2019,4.51,4.61,4.1,4.2,28060567
04-11-2019,4.5,4.76,4.45,4.51,29108624
01-11-2019,3.87,4.78,3.7,4.3,73934315
31-10-2019,3.81,3.97,3.31,3.89,65709909
30-10-2019,4,4.18,3.75,3.81,47355575
29-10-2019,4.12,4.12,3.7,3.85,34331625
27-10-2019,4.21,4.4,3.82,4.19,6702660
25-10-2019,4.18,4.2,3.66,4.11,48000047
24-10-2019,5.61,5.67,4.1,4.33,71341751
23-10-2019,6.18,6.24,5.59,5.65,18923302
22-10-2019,6.39,6.54,6.03,6.13,17440083
18-10-2019,6.32,6.57,6.25,6.39,14213894
17-10-2019,6.4,6.4,5.97,6.32,20432704
16-10-2019,6.19,6.74,6.17,6.56,23167581
15-10-2019,6.4,6.44,6.11,6.16,17059494
14-10-2019,6.09,6.57,5.93,6.39,21375075
11-10-2019,6.05,6.15,5.83,6,18649044
10-10-2019,6.42,6.87,5.78,6.18,54160600
09-10-2019,5.19,5.97,5.16,5.84,28958122
07-10-2019,5.09,5.52,5.01,5.12,11898659
04-10-2019,5.23,5.31,5.01,5.04,13285300
03-10-2019,5.32,5.39,5,5.08,15020413
01-10-2019,6.29,6.29,5.23,5.38,25008011
30-09-2019,5.82,6.44,4.95,6.16,47363566
27-09-2019,5.12,5.8,5.1,5.65,17238237
26-09-2019,5.38,5.45,5.17,5.22,8134923
25-09-2019,5.59,5.62,5.22,5.32,11075882
24-09-2019,5.59,5.75,5.33,5.58,12317277
23-09-2019,5.99,6.03,5.56,5.62,12591597
20-09-2019,5.52,5.94,5.34,5.84,18415253
19-09-2019,4.97,5.68,4.87,5.44,29902093
18-09-2019,5.07,5.09,4.84,4.86,20359952
17-09-2019,5.24,5.29,5.02,5.08,18967155
16-09-2019,5.32,5.5,5.21,5.24,13112240
13-09-2019,5.57,5.57,5.25,5.38,13754366
12-09-2019,5.77,6.06,5.49,5.54,16792360
11-09-2019,5.35,5.81,5.35,5.73,14374543
09-09-2019,5.15,5.37,5.12,5.31,10742532
06-09-2019,5.15,5.36,5.11,5.18,10020493
05-09-2019,5.08,5.2,4.98,5.09,9158690
04-09-2019,5.17,5.18,4.92,5.02,8837119
03-09-2019,5.39,5.39,5.07,5.12,6274807
30-08-2019,4.93,5.45,4.9,5.37,11088976
29-08-2019,4.98,5.26,4.83,4.88,14442726
28-08-2019,5.33,5.37,4.95,5.01,12960247
27-08-2019,5.61,5.74,5.23,5.3,15882394
26-08-2019,5.88,6.04,5.25,5.52,16755519
23-08-2019,5.23,5.87,5.01,5.74,22971405
22-08-2019,5.5,5.71,5.2,5.26,14135942
21-08-2019,5.79,5.79,5.53,5.58,12400356
20-08-2019,5.91,6.16,5.46,5.84,19817177
19-08-2019,6.45,6.46,5.83,5.99,15563216
16-08-2019,5.65,6.84,5.43,6.45,23623764
14-08-2019,5.06,5.77,5.06,5.63,12378300
13-08-2019,5.4,5.44,4.83,5.02,15179804
09-08-2019,5.7,5.93,5.31,5.36,18198620
08-08-2019,5.32,5.8,5.25,5.63,143131942
07-08-2019,5.58,5.61,5.13,5.33,23687500
06-08-2019,5.93,6.04,5.51,5.65,22860276
05-08-2019,6.28,6.28,5.94,6.01,25726149
02-08-2019,6.6,6.69,6.22,6.31,21958862
01-08-2019,6.89,6.92,6.46,6.62,19687261
31-07-2019,6.86,7.1,6.64,6.84,19186262
30-07-2019,6.81,7,6.04,6.52,34965891
29-07-2019,9,9,6.56,6.77,48485929
26-07-2019,9.74,10,9.12,9.25,132579380
25-07-2019,9.92,10.11,9.66,9.72,9862744
24-07-2019,10.6,10.6,9.86,9.97,106929894
23-07-2019,10.94,10.95,10.45,10.48,33967090
22-07-2019,10.92,10.99,10.67,10.75,3309344
19-07-2019,11.4,11.55,10.72,10.95,4677689
18-07-2019,11.97,11.97,11.2,11.3,3666144
17-07-2019,11.79,12.49,11.65,11.97,3659937
16-07-2019,11.85,11.89,11.57,11.8,2632066
15-07-2019,11.8,12,11.66,11.75,2491129
12-07-2019,11.75,12.05,11.56,11.73,3171821
11-07-2019,11.27,11.77,11.27,11.66,2703354
10-07-2019,11.38,11.5,11.2,11.27,2332577
09-07-2019,11.48,11.55,11.27,11.38,2367132
08-07-2019,11.99,11.99,11.39,11.48,5293356
05-07-2019,12.33,12.52,11.9,12.01,4448134
04-07-2019,11.96,13.15,11.82,12.33,133769862
03-07-2019,11.72,12,11.61,11.92,2532176
02-07-2019,12,12.06,11.61,11.69,4355517
01-07-2019,12.14,12.15,11.8,11.99,3719459
28-06-2019,12.33,12.4,12.06,12.16,1938261
27-06-2019,12.35,12.65,12.2,12.34,6242876
26-06-2019,12.05,12.41,12.04,12.31,3792522
25-06-2019,11.92,12.29,11.89,12.1,2438770
24-06-2019,12.14,12.3,11.97,12.08,24824347
21-06-2019,11.9,12.39,11.73,12.14,2760930
20-06-2019,11.3,11.98,11.25,11.9,3087302
19-06-2019,12.2,12.22,11.14,11.44,3338152
18-06-2019,11.9,12.05,11.8,11.95,2619351
17-06-2019,12.45,12.45,12,12.05,2601429
14-06-2019,12.9,12.9,12.3,12.51,2181235
13-06-2019,12.8,13.03,12.71,12.9,2393674
12-06-2019,13.15,13.18,12.8,12.84,1714818
11-06-2019,12.8,13.24,12.51,13.15,2592401
10-06-2019,13.31,13.54,12.68,12.77,4290871
07-06-2019,13.55,13.55,13.23,13.36,1702785
06-06-2019,13.9,14,13.05,13.43,4053656
04-06-2019,14.05,14.39,13.8,13.84,4248038
03-06-2019,13.9,14.12,13.8,14.01,2931589
31-05-2019,13.5,14.05,13.5,13.9,6967510
30-05-2019,13.3,13.7,13,13.3,5639077
29-05-2019,13.7,13.7,13.15,13.25,2576417
28-05-2019,12.9,13.75,12.9,13.65,6351571
27-05-2019,12.75,13.25,12.6,13.05,4182404
24-05-2019,12.85,13.2,12.55,12.85,4564344
23-05-2019,12.4,12.9,12.25,12.75,5799991
22-05-2019,12.1,12.3,11.55,12.15,16843674
21-05-2019,12.6,12.65,11.7,11.85,21123122
20-05-2019,12.35,13,11.85,12.55,7104288
17-05-2019,12.25,12.45,11.6,11.85,8537243
16-05-2019,12.95,13,12.1,12.2,8939823
15-05-2019,14.05,14.1,12.8,12.95,10188017
14-05-2019,14.45,14.5,13.05,14,12695595
13-05-2019,13.9,15,13.9,14.45,7806761
10-05-2019,14.35,14.35,13.6,14,7798021
09-05-2019,14.25,14.55,13.9,14.35,4613891
08-05-2019,15.45,15.45,13.65,14.35,14236444
07-05-2019,16.4,16.65,15,15.45,3264712
06-05-2019,17,17.1,16.25,16.4,3566845
03-05-2019,16.6,16.6,16,16.1,2360754
02-05-2019,15.5,16.55,15.15,16.25,3377487
30-04-2019,16.2,16.2,15.25,15.6,2483282
26-04-2019,16.75,16.85,16.05,16.35,2202254
25-04-2019,16.8,17.15,16.4,16.9,4296746
24-04-2019,17.1,17.7,17.05,17.2,3486256
23-04-2019,17.2,17.25,16.9,17.05,1932325
22-04-2019,17.45,17.5,16.85,17.25,5314318
18-04-2019,18.15,18.15,17,17.25,4228789
16-04-2019,17.15,18.05,16.7,17.8,7714476
15-04-2019,16.1,17.35,15.8,17,4818797
12-04-2019,16.3,16.45,15.95,16.05,2407862
11-04-2019,16.4,16.5,15.9,16.3,2626504
10-04-2019,17.1,17.15,16.3,16.35,3758194
09-04-2019,17.4,17.7,16.7,16.9,4394116
08-04-2019,16.8,17.4,16.55,17.2,6199864
05-04-2019,15.15,16.65,15.1,16.3,8951960
04-04-2019,15.95,15.95,14.95,15.15,6840467
03-04-2019,16.55,17,15.85,15.95,4001898
02-04-2019,17.95,17.95,16.7,16.9,4599352
01-04-2019,18.25,18.3,17.65,17.9,4309208
29-03-2019,17.85,20.45,17.85,18.15,11592254
28-03-2019,17.62,18.42,17.4,17.86,8219167
27-03-2019,18.14,18.2,17.43,17.53,6533782
26-03-2019,18.76,18.76,18.08,18.23,5166987
25-03-2019,19.59,19.71,18.51,18.6,5909942
22-03-2019,20.45,20.45,19.53,19.77,6028494
20-03-2019,19.96,20.61,18.26,20.33,16379792
19-03-2019,19.96,20.05,19.25,19.71,3085937
18-03-2019,20.88,20.97,19.59,19.84,2948339
15-03-2019,20.91,21.04,20.42,20.85,1217083
14-03-2019,20.82,21.19,20.67,20.79,2047946
13-03-2019,21.1,21.74,20.64,20.91,4449667
12-03-2019,21.34,21.47,20.67,21.1,4210534
11-03-2019,20.33,21.22,19.65,21.04,4794869
08-03-2019,19.96,20.11,19.56,19.96,2390226
07-03-2019,19.47,20.36,19.28,19.68,6836958
06-03-2019,18.45,19.68,18.42,19.22,7729021
05-03-2019,18.48,18.79,18.17,18.42,3522974
01-03-2019,18.79,18.79,18.26,18.42,2684084
28-02-2019,18.2,18.6,17.93,18.36,1479401
27-02-2019,18.6,18.82,18.11,18.17,2239847
26-02-2019,18.63,18.73,18.05,18.36,1938531
25-02-2019,18.79,19.1,18.63,18.79,1596287
22-02-2019,19.22,19.31,18.6,18.73,2056756
21-02-2019,18.91,19.22,18.63,19.1,2461136
20-02-2019,18.7,19.03,18.45,18.91,1319208
19-02-2019,18.82,19.22,18.51,18.7,2052539
18-02-2019,18.97,18.97,18.36,18.82,1441557
15-02-2019,19.22,19.22,18.23,18.51,3065109
14-02-2019,19.03,19.62,18.36,19.34,2417468
13-02-2019,18.33,18.85,18.23,18.76,2280045
12-02-2019,19.16,19.16,17.93,18.17,2328606
11-02-2019,19.07,19.65,18.26,19.1,2474302
08-02-2019,19.34,19.68,18.33,18.73,3604170
07-02-2019,17.99,20.33,17.99,19.87,6360635
06-02-2019,18.63,18.66,17.74,18.36,3088481
05-02-2019,18.54,18.85,18.02,18.66,2945604
04-02-2019,19.25,19.25,18.14,18.45,2130539
01-02-2019,18.66,19.28,18.54,19,2000635
31-01-2019,18.76,19.07,18.23,18.54,1422563
30-01-2019,19.25,19.34,18.6,18.76,1663531
29-01-2019,19.1,20.02,18.54,18.91,4891440
28-01-2019,20.02,20.2,18.05,19.16,4206323
25-01-2019,20.88,21.07,19.77,20.2,1720596
24-01-2019,21.1,21.62,20.48,20.88,3064443
23-01-2019,20.94,20.97,20.51,20.79,963109
22-01-2019,20.2,20.76,20.08,20.61,1696023
21-01-2019,21.44,21.84,20.02,20.24,3419580
18-01-2019,23.04,23.04,21.19,21.68,3005330
17-01-2019,23.04,23.04,22.24,22.7,1067474
16-01-2019,22.21,22.76,22.21,22.42,706883
15-01-2019,22.15,22.39,21.99,22.33,841531
14-01-2019,22.82,22.82,21.93,22.15,1270144
11-01-2019,22.88,22.98,22.48,22.7,664669
10-01-2019,22.73,23.16,22.7,22.82,2429943
09-01-2019,22.79,23.01,22.45,22.76,1004721
08-01-2019,22.3,22.98,22.3,22.82,2081271
07-01-2019,22.36,22.88,22.36,22.55,886969
04-01-2019,22.21,22.51,21.93,22.33,1482854
03-01-2019,22.05,22.33,21.5,22.21,1975011
02-01-2019,23.25,23.28,22.51,22.67,1056011
01-01-2019,23.44,23.47,22.88,23.25,931036
31-12-2018,23.13,23.47,23.13,23.22,670602
28-12-2018,23.04,23.47,23.04,23.16,1760166
27-12-2018,23.1,23.38,22.82,22.95,1412899
26-12-2018,22.95,23.07,22.39,22.95,1819922
24-12-2018,23.72,23.72,22.85,23.01,2132459
21-12-2018,23.44,23.9,23.1,23.53,2453558
20-12-2018,23.1,23.69,23.01,23.5,1530240
19-12-2018,22.92,23.44,22.92,23.25,2249164
18-12-2018,22.48,23.1,22.24,22.92,1976365
17-12-2018,22.42,22.67,22.05,22.36,1853607
14-12-2018,21.96,23.22,21.71,22.27,5443638
13-12-2018,21.53,22.05,21.41,21.5,2120282
12-12-2018,21.1,21.96,21.01,21.31,3224726
11-12-2018,20.02,21.71,19.77,21.1,3763575
10-12-2018,20.48,20.64,20.14,20.3,1931633
07-12-2018,20.94,21.16,20.48,20.82,2742289
06-12-2018,20.85,20.91,20.33,20.67,3200823
05-12-2018,21.41,21.53,20.82,20.97,3253877
04-12-2018,22.24,22.45,21.5,21.68,2879976
03-12-2018,22.05,22.55,21.65,21.93,3468265
30-11-2018,23.25,23.25,21.68,21.84,9336607
29-11-2018,23.41,23.62,22.51,23.25,3054602
28-11-2018,23.99,24.12,23.13,23.35,2743886
27-11-2018,24.76,25.01,23.53,23.9,3519196
26-11-2018,25.59,26.43,24.33,24.61,10030425
22-11-2018,27.1,27.57,25.19,25.32,9645899
21-11-2018,26.18,28.06,25.93,27.35,6243133
20-11-2018,26.21,26.98,25.35,26.06,5036451
19-11-2018,26.06,27.07,24.64,26.27,7836981
16-11-2018,22.92,26.92,22.33,26.43,11163463
15-11-2018,24.09,24.92,22.36,22.7,5627989
14-11-2018,25.07,25.9,24.39,25.53,3912227
13-11-2018,24.82,25.19,24.02,25.07,1778581
12-11-2018,26.21,26.21,24.95,25.19,1021023
09-11-2018,26,26.06,25.47,25.93,1157055
07-11-2018,25.96,26.24,25.75,26,233365
06-11-2018,25.87,26.15,25.59,25.93,1290795
05-11-2018,24.64,25.78,24.64,25.63,1451735
02-11-2018,24.58,25.16,24.09,25.04,1796758
01-11-2018,23.78,24.15,23.62,23.93,1031773
31-10-2018,24.02,24.21,23.1,23.78,1811640
30-10-2018,23.1,24.18,23.04,23.99,1606654
29-10-2018,22.79,23.35,22.48,23.22,1206279
26-10-2018,23.04,23.1,22.42,22.76,1759653
25-10-2018,22.15,23.53,21.44,22.95,2437899
24-10-2018,22.7,22.7,21.65,22.33,2192982
23-10-2018,21.56,22.05,21.04,21.81,1468920
22-10-2018,22.98,22.98,21.5,21.62,1911769
19-10-2018,23.35,23.75,22.3,22.48,1971852
17-10-2018,22.92,23.41,22.7,23.28,1865282
16-10-2018,22.95,22.98,22.42,22.82,1295325
15-10-2018,22.18,22.98,22.11,22.61,1326359
12-10-2018,21.56,22.48,21.47,22.11,2014679
11-10-2018,21.22,21.68,20.67,21.28,2235057
10-10-2018,21.13,22.45,20.39,22.18,12667896
09-10-2018,20.88,21.62,20.54,21.22,2831903
08-10-2018,20.67,21.22,20.05,20.73,2932313
05-10-2018,20.94,21.34,20.27,20.67,3269248
04-10-2018,22.48,22.82,20.42,20.85,3627593
03-10-2018,23.5,24.12,22.55,22.67,2418575
01-10-2018,24.02,24.15,23.13,23.9,2090433
28-09-2018,23.9,24.09,22.36,23.69,3684481
27-09-2018,25.69,25.69,23.62,23.78,2390776
26-09-2018,25.1,25.75,24.79,25.53,1987528
25-09-2018,25.78,25.78,24.39,24.95,3054182
24-09-2018,27.94,27.94,25.56,25.96,2377606
21-09-2018,28.27,28.52,24.02,27.94,4549349
19-09-2018,28.83,28.98,27.75,28.21,1190565
18-09-2018,29.85,30,28.37,28.46,2255143
17-09-2018,28.64,29.88,28.12,29.35,2754370
14-09-2018,28.95,28.95,28.43,28.58,1171959
12-09-2018,29.35,29.35,27.69,28.49,3221865
11-09-2018,29.44,29.66,28.21,28.46,2116135
10-09-2018,28.98,29.97,28.52,29.41,3850911
07-09-2018,28.74,29.41,28.12,28.92,2836688
06-09-2018,29.51,29.66,28.58,28.74,4045856
05-09-2018,30.8,30.86,28.86,29.51,4250466
04-09-2018,31.66,31.75,30.28,30.49,2496831
03-09-2018,31.23,32.19,30.65,31.45,3854433
31-08-2018,32.34,32.65,30.31,30.49,6438718
30-08-2018,30.62,31.05,30.09,30.71,5414589
29-08-2018,31.72,31.72,30.4,30.49,3674617
28-08-2018,32.03,32.03,31.29,31.54,1368326
27-08-2018,32.22,32.49,31.57,31.75,953724
24-08-2018,32.49,32.68,31.82,32.16,1579373
23-08-2018,32.68,33.02,32.34,32.49,1542343
21-08-2018,33.66,33.82,32.25,32.56,2967148
20-08-2018,31.97,33.33,31.63,32.89,2529050
17-08-2018,31.42,31.75,31.2,31.39,950360
16-08-2018,32.19,32.28,30.92,31.14,1603589
14-08-2018,32.4,32.8,31.97,32.09,1235386
13-08-2018,33.51,33.51,32.28,32.4,1468683
10-08-2018,34.83,34.83,33.29,33.48,1563818
09-08-2018,34.06,35.17,33.79,34.68,2887117
08-08-2018,33.94,34.47,33.79,34.06,890419
07-08-2018,34.13,34.13,33.36,33.85,1308721
06-08-2018,34.19,34.4,33.63,33.82,1977055
03-08-2018,33.76,34.53,33.54,33.97,1967719
02-08-2018,33.02,33.7,32.83,33.51,2898583
01-08-2018,33.82,34.16,32.71,33.02,3206502
31-07-2018,34.9,35.6,33.51,33.82,7301185
30-07-2018,34.99,36.28,34.25,36.01,5059802
27-07-2018,35.76,37.51,34.5,34.74,6086180
26-07-2018,33.82,35.42,33.48,35.08,2884912
25-07-2018,34.99,34.99,33.7,33.85,2118844
24-07-2018,33.42,38.19,33.23,34.8,9772378
23-07-2018,31.35,32.83,31.05,32.43,1740719
20-07-2018,31.17,31.75,30.37,31.45,1099403
19-07-2018,31.05,31.32,30.03,31.05,1850261
18-07-2018,32.43,32.59,29.81,30.8,2673089
17-07-2018,32.16,32.77,31.85,32.31,974791
16-07-2018,32.74,33.54,31.97,32.16,1829888
13-07-2018,33.63,33.66,32.52,32.74,1937365
12-07-2018,33.54,34.06,33.14,33.45,3217018
11-07-2018,35.08,35.08,32.52,33.36,2635745
10-07-2018,35.05,35.14,33.97,34.31,2672881
09-07-2018,33.88,34.28,33.45,33.6,1124271
06-07-2018,33.39,34.06,33.14,33.63,1169372
05-07-2018,33.51,34.53,32.96,33.54,2233532
04-07-2018,35.08,35.17,33.82,33.97,1465214
03-07-2018,35.42,35.67,34.59,35.05,1384195
02-07-2018,36.47,36.47,34.31,35.11,1398037
29-06-2018,35.42,36.87,34.4,36.5,1654122
28-06-2018,34.5,35.36,33.79,34.96,1821628
27-06-2018,36.04,36.1,33.57,34.25,2576209
26-06-2018,34.5,35.85,34,35.67,6312604
25-06-2018,36.99,36.99,34.43,34.62,3606284
22-06-2018,37.39,37.55,37.08,37.3,640612
21-06-2018,37.91,38.04,37.14,37.39,1127360
20-06-2018,39.3,39.3,37.76,37.88,998313
19-06-2018,38.75,38.75,37.67,38.07,1168821
18-06-2018,38.81,38.87,38.07,38.35,1591515
15-06-2018,38.62,38.96,37.08,37.33,1254076
14-06-2018,37.98,38.87,37.98,38.62,1170265
13-06-2018,39.89,39.89,37.58,37.98,1990763
12-06-2018,39.24,40.47,38.81,40.1,1355599
11-06-2018,39.58,40.32,38.96,39.24,1612862
08-06-2018,37.88,39.86,37.51,39.39,2472407
07-06-2018,36.34,38.28,36.31,37.88,2214117
06-06-2018,34.5,36.96,34.16,36.37,2186284
05-06-2018,39.42,39.49,34.13,34.8,4543364
04-06-2018,38.38,39.18,37.48,38.65,1552847
01-06-2018,38.81,38.93,37.58,37.98,1591860
31-05-2018,38.25,38.75,37.27,37.98,1024692
30-05-2018,38.19,38.81,37.58,38.04,1805804
29-05-2018,37.88,38.93,37.61,38.32,1643833
28-05-2018,37.21,37.98,36.84,37.7,1467620
25-05-2018,35.82,37.7,35.11,36.78,3214591
24-05-2018,33.57,35.7,33.57,35.02,1486057
23-05-2018,33.33,34.53,33.33,33.66,1511028
22-05-2018,32.59,34.4,32.25,33.88,2982606
21-05-2018,32.03,32.96,32,32.52,1183248
18-05-2018,32.49,32.77,31.72,32.09,1461670
17-05-2018,32.65,33.05,32.22,32.46,1638821
16-05-2018,32.59,33.02,32.16,32.49,1690745
15-05-2018,31.88,33.11,31.63,32.68,2569123
14-05-2018,31.69,32.77,30.83,31.88,16532651
11-05-2018,35.73,35.73,31.29,31.69,10424916
10-05-2018,37.18,37.39,35.76,35.94,3961292
09-05-2018,37.58,38.07,37.18,37.39,1031844
08-05-2018,38.62,38.68,37.02,37.73,2407701
07-05-2018,38.75,39.05,38.28,38.47,1132545
04-05-2018,39.42,39.82,37.85,38.5,2284482
03-05-2018,41.52,41.52,39.15,39.36,1459494
02-05-2018,42.57,42.75,41.03,41.4,1085140
30-04-2018,44.35,44.35,42.01,42.53,1854731
27-04-2018,42.53,43.21,42.2,42.38,1055888
26-04-2018,43.95,44.23,41.64,42.1,1881140
25-04-2018,44.29,44.81,43.64,43.95,1204620
24-04-2018,43.8,44.07,43.24,43.8,1326888
23-04-2018,43.74,44.54,43.43,44.14,5503534
20-04-2018,43.8,44.29,43.3,43.61,960365
19-04-2018,44.35,44.35,43.21,43.8,915948
18-04-2018,44.35,44.66,43.83,44.14,12032110
17-04-2018,44.23,45.61,43.86,43.98,71221429
16-04-2018,44.35,44.35,43.58,43.89,9340847
13-04-2018,44.97,45.77,44.35,44.48,1246153
12-04-2018,46.14,46.14,44.44,45,1157735
11-04-2018,45.68,46.32,45.15,45.55,1092468
10-04-2018,46.2,46.51,45.31,45.55,988403
09-04-2018,45.74,46.32,45.28,46.14,1520148
06-04-2018,47.22,48.05,46.02,46.14,1439110
05-04-2018,47.19,47.92,46.88,47.43,551039
04-04-2018,47.8,48.29,46.6,47.15,2025536
03-04-2018,47.43,48.05,47.12,47.71,1988101
02-04-2018,48.2,48.2,46.6,47.8,1057372
28-03-2018,49.28,49.71,46.35,46.66,6526075
27-03-2018,49.03,50.27,49.03,49.68,865906
26-03-2018,47.43,49.65,47.43,49.43,1270718
23-03-2018,47.74,48.14,45.92,47.83,1868607
22-03-2018,48.66,49.13,47.31,47.74,1730894
21-03-2018,47.74,49.28,47.74,48.73,9191526
20-03-2018,47.37,48.11,46.85,47.46,1763580
19-03-2018,50.2,50.2,47.4,47.8,3368981
16-03-2018,49.59,51.13,48.88,49.99,1297273
15-03-2018,50.11,50.57,49.16,49.28,1030849
14-03-2018,49.28,50.51,49.1,50.11,9945245
13-03-2018,48.05,50.17,48.05,49.68,1714166
12-03-2018,48.6,49.22,47.22,48.39,1383838
09-03-2018,49.4,49.71,48.36,48.54,1000294
08-03-2018,51.19,51.19,48.45,48.97,5245179
07-03-2018,50.51,50.82,47.65,49.03,3575985
06-03-2018,51.07,51.13,50.05,50.48,782476
05-03-2018,51.16,51.37,50.27,50.94,705521
01-03-2018,51.74,51.84,50.94,51.13,929133
28-02-2018,51.77,52.3,50.91,51.56,1152951
27-02-2018,50.94,52.48,50.94,51.96,2133633
26-02-2018,51.07,51.41,49.9,50.64,1069320
23-02-2018,50.42,51.53,50.08,50.64,943497
22-02-2018,51.53,51.53,49.77,50.05,1028206
21-02-2018,51.9,52.18,50.97,51.28,887523
20-02-2018,50.85,52.08,50.82,51.74,1180325
19-02-2018,50.42,51.13,49.8,50.88,1314558
16-02-2018,51.13,51.74,50.05,50.54,1473558
15-02-2018,52.39,52.91,50.85,51.07,4339972
14-02-2018,52.98,53.53,51.99,52.21,1693930
12-02-2018,51.68,53.16,51.44,52.18,1146120
09-02-2018,52.36,52.45,51.13,51.65,1044914
08-02-2018,52.05,53.9,51.84,52.76,1352692
07-02-2018,52.58,53.72,51.22,51.74,7158971
06-02-2018,52.48,52.91,49.5,52.3,7271300
05-02-2018,52.98,54.98,52.98,54.12,2051269
02-02-2018,56.06,56.12,53.72,54.3,2826807
01-02-2018,57.6,57.75,55.69,56.21,2449120
31-01-2018,57.9,59.14,56.73,57.38,3077013
30-01-2018,57.5,58.8,56.8,57.9,1932351
29-01-2018,58.46,58.74,56.33,57.66,3129271
25-01-2018,58.34,60.06,56.73,58.61,2690735
24-01-2018,60.98,60.98,57.26,57.93,4584851
23-01-2018,61.29,62.65,60.86,61.23,1358662
22-01-2018,62.83,62.83,61.14,61.35,1465362
19-01-2018,62.74,63.57,61.08,63.02,2166779
18-01-2018,64.68,64.68,61.17,62.15,2325331
17-01-2018,63.2,64.16,62.06,63.73,2097037
16-01-2018,64.22,65.7,62.89,63.2,2537744
15-01-2018,67.14,67.21,63.94,64.46,2945659
12-01-2018,66.04,67.94,62.83,66.9,5526620
11-01-2018,66.22,67.11,65.54,66,1516773
10-01-2018,69.55,69.92,65.54,66.22,3710221
09-01-2018,67.76,69.55,66.13,66.9,4014531
08-01-2018,71.24,71.24,66.62,67.45,3339377
05-01-2018,66.31,72.69,66.31,71.24,11262821
04-01-2018,63.45,65.05,62.77,64.37,1782044
03-01-2018,62.62,63.94,62.25,63.17,1995687
02-01-2018,64.86,66.53,61.23,62.06,3486948
01-01-2018,66.53,66.62,64.25,64.59,1484641
29-12-2017,63.02,66.9,63.02,66.65,3394532
28-12-2017,62.49,63.88,61.91,62.96,1312716
27-12-2017,62.68,64.56,61.72,62.31,1962794
26-12-2017,61.91,63.02,61.42,62.68,1092390
22-12-2017,61.63,62.52,61.38,62,1184073
21-12-2017,60.43,63.32,59.94,62.43,2399364
20-12-2017,60.37,61.54,59.84,60.4,1390578
19-12-2017,58.52,60.95,58.09,60.61,1717841
18-12-2017,57.87,59.2,55.29,58.4,1460182
15-12-2017,58.95,58.95,57.72,57.87,516685
14-12-2017,57.29,58.21,56.24,57.81,1080971
13-12-2017,58.8,58.8,56.86,57.16,842761
12-12-2017,58.55,59.41,57.29,57.53,1074808
11-12-2017,59.26,60.15,58.83,58.98,798817
08-12-2017,60.28,60.89,58.83,59.23,1741369
07-12-2017,57.32,60.37,57.23,60.09,2383229
06-12-2017,57.41,58.27,57.16,57.38,900442
05-12-2017,56.73,57.81,56.67,57.53,1050672
04-12-2017,57.84,58.06,56.95,57.38,914839
01-12-2017,58,58.34,57.2,57.38,1217914
30-11-2017,56.73,58.46,56.73,58.06,2331089
29-11-2017,59.32,59.32,57.38,57.63,1341198
28-11-2017,59.14,59.72,58.3,58.61,2421320
27-11-2017,58.3,59.69,57.57,59.29,2653003
24-11-2017,59.17,60.18,57.9,58.3,2489596
23-11-2017,60.83,61.69,58.83,59.17,3548422
22-11-2017,63.32,63.39,60.09,60.74,1646044
21-11-2017,63.08,63.14,61.35,62.09,3380287
20-11-2017,58.55,62.68,58.34,62.28,4325175
17-11-2017,58.55,60.37,58.06,58.64,1948617
16-11-2017,57.32,59.44,56.92,59.07,1790997
15-11-2017,56.95,58.58,56.58,57.6,3161554
14-11-2017,56.73,57.66,56.15,56.95,2503586
13-11-2017,61.54,61.54,56.24,57.63,4772942
10-11-2017,59.75,60.58,58.83,59.78,2467907
09-11-2017,62.22,63.29,58.3,59.54,4536768
08-11-2017,59.88,62.4,59.14,60.68,3424258
07-11-2017,62.22,63.29,59.38,59.88,3241235
06-11-2017,65.73,65.73,61.66,62,2171292
03-11-2017,65.6,68.28,64.62,65.33,5405865
02-11-2017,61.6,65.94,61.32,65.63,9476495
01-11-2017,57.78,61.63,57.66,60.98,7153550
31-10-2017,57.32,58.83,56.92,57.23,2182544
30-10-2017,57.9,58.83,57.32,58.34,2196987
27-10-2017,59.94,60.06,56.98,57.29,1788500
26-10-2017,60.98,61.48,59.26,59.63,1562093
25-10-2017,61.54,61.78,58.37,61.01,3924292
24-10-2017,60.98,62.09,59.47,60.65,4177083
23-10-2017,56.21,61.17,56.21,60.46,7307011
19-10-2017,54.76,56.61,54.67,56.12,882847
18-10-2017,56.06,56.49,53.59,54.61,3992336
17-10-2017,51.47,56.06,50.91,55.44,6556487
16-10-2017,48.79,51.47,48.69,51.16,4651615
13-10-2017,46.2,49.59,46.2,48.6,5560739
12-10-2017,45.77,46.05,45,45.89,1073544
11-10-2017,45.25,46.82,44.63,44.75,4873526
10-10-2017,45.89,46.11,44.04,44.94,1608977
09-10-2017,45.46,46.51,45.46,45.74,860498
06-10-2017,45.71,45.77,45.18,45.46,728367
05-10-2017,45.74,45.92,45.25,45.4,880859
04-10-2017,46.75,46.85,45.15,45.74,932339
03-10-2017,48.26,48.33,46.57,46.75,1079321
29-09-2017,46.2,47.96,46.2,47.65,1375450
28-09-2017,46.26,47.15,46.2,46.54,1007805
27-09-2017,46.82,47.09,46.08,46.45,1623667
26-09-2017,46.51,47.49,46.51,46.82,889937
25-09-2017,48.17,48.36,46.32,46.91,1364526
22-09-2017,48.91,49.1,47.92,48.17,1377739
21-09-2017,49.28,50.11,48.42,49.46,1722523
20-09-2017,47.34,50.08,47.34,49.37,4537138
19-09-2017,50.51,51.5,50.51,51.13,1217201
18-09-2017,49.59,51.16,49.59,50.85,1525523
15-09-2017,50.14,50.76,48.85,49.06,1682721
14-09-2017,51.22,51.37,50.11,50.36,1408179
13-09-2017,48.66,52.05,48.51,50.88,13999953
12-09-2017,48.54,49.13,47.52,48.57,1603240
11-09-2017,50.2,50.2,48.33,48.45,2009114
08-09-2017,50.39,50.42,48.85,49.13,1939008
07-09-2017,50.51,50.97,49.46,49.74,10724295
06-09-2017,52.18,52.18,50.23,50.39,4118643
05-09-2017,53.59,53.99,51.93,52.18,1624959
04-09-2017,54.33,54.98,52.95,53.62,1713696
01-09-2017,55.93,56.15,54.64,54.76,801695
31-08-2017,54.36,56.36,53.78,56.06,2060839
30-08-2017,54.33,54.73,53.93,54.18,549922
29-08-2017,55.16,55.16,53.5,53.9,1076745
28-08-2017,55.47,56.12,55.16,55.32,883049
24-08-2017,55.44,55.81,55.04,55.47,406273
23-08-2017,54.21,56.15,53.96,55.78,1976760
22-08-2017,54.98,55.59,53.9,54.15,1310185
21-08-2017,55.44,56.21,54.52,54.85,1152651
18-08-2017,54.82,56.67,54.21,55.59,1406968
17-08-2017,53.9,55.56,53.65,55.07,1999880
16-08-2017,53.59,53.81,52.79,53.56,1086154
14-08-2017,52.98,54.15,52.36,53.19,1990097
11-08-2017,53.65,54.7,52.76,53.13,1421297
10-08-2017,55.75,57.29,53.35,54.15,16235849
09-08-2017,56.58,57.04,55.81,56.09,1143328
08-08-2017,58.52,58.8,56.33,56.58,2464455
07-08-2017,57.29,58.03,57.13,57.32,1183235
04-08-2017,57.29,57.72,55.78,57.07,2910045
03-08-2017,57.44,58.21,56.64,57.47,2226878
02-08-2017,57.04,57.84,56.52,56.83,2392989
01-08-2017,57.41,57.69,56.43,57.01,1771015
31-07-2017,58.52,58.74,56.67,56.98,2052750
28-07-2017,54.08,59.57,53.78,58.86,5736130
27-07-2017,58.3,60.09,56.36,57.07,3709761
26-07-2017,60.52,60.52,57.66,58.3,2915875
25-07-2017,58.52,61.35,57.44,60.24,8064081
24-07-2017,55.44,57.2,55.04,56.58,2415015
21-07-2017,58.83,58.83,54.33,56.61,7543929
20-07-2017,59.44,59.44,57.93,58.43,8318416
19-07-2017,54.82,59.23,54.08,58.52,12376060
18-07-2017,54.67,56.3,53.38,53.68,2215333
17-07-2017,55.1,55.13,54.21,54.76,1227287
14-07-2017,54.05,55.78,53.62,54.61,5157080
13-07-2017,52.88,54.33,52.88,53.96,2240399
12-07-2017,52.95,53.01,51.96,52.67,1356375
11-07-2017,53.56,55.07,51.77,51.96,3852946
10-07-2017,51.37,54.08,51.37,53.87,9657276
07-07-2017,50.05,51.59,50.05,51.37,1598870
06-07-2017,51.77,51.77,50.6,50.82,1641394
05-07-2017,51.9,51.96,51.16,51.47,1055898
04-07-2017,53.19,53.19,51.56,51.74,1401187
03-07-2017,52.91,53.9,51.9,52.7,9902925
30-06-2017,52.3,52.61,50.94,52.39,1866657
29-06-2017,51.68,52.54,51.41,51.9,1507519
28-06-2017,50.48,51.9,49.74,51.41,1541153
27-06-2017,48.94,50.14,48.94,49.99,996107
23-06-2017,49.9,49.9,48.54,48.88,965916
22-06-2017,49.99,50.27,49.19,49.43,1153252
21-06-2017,50.76,51.16,49.46,49.71,1388164
20-06-2017,48.66,50.57,48.29,50.48,2079031
19-06-2017,48.05,50.23,47.74,49.16,2716044
16-06-2017,47.31,48.94,46.88,47.89,3856086
15-06-2017,47.62,47.86,46.97,47.12,1039317
14-06-2017,49.22,49.22,46.97,47.46,125
13-06-2017,48.54,49,48.36,48.6,128
12-06-2017,48.63,49.1,48.08,48.54,1181653
09-06-2017,48.48,48.91,48.29,48.6,1440836
08-06-2017,48.97,49.56,48.29,48.91,1995284
07-06-2017,49.28,49.71,48.39,48.57,3836094
06-06-2017,49.9,50.45,49.03,49.28,1230951
05-06-2017,49.22,50.57,49.22,50.23,1010161
02-06-2017,48.48,49.9,48.48,49.22,837636
01-06-2017,49.28,49.74,48.54,49.1,1339537
31-05-2017,47.92,49.5,47.92,49.31,2217873
30-05-2017,49.22,49.4,48.05,48.57,2136830
29-05-2017,49.74,50.05,47.96,48.73,1412987
26-05-2017,48.94,50.02,48.88,49.06,1265831
25-05-2017,48.11,49.34,46.69,48.91,2037588
24-05-2017,52.3,52.3,47.22,48.54,3003172
23-05-2017,54.08,54.21,51.56,52.02,1375557
22-05-2017,53.59,54.52,53.59,54.08,706584
19-05-2017,54.36,54.82,53.59,54.15,1565919
18-05-2017,52.98,54.15,52.85,53.56,1403971
17-05-2017,53.9,54.05,53.13,53.65,1065701
16-05-2017,52.98,54.21,52.36,54.08,2266994
15-05-2017,56.24,57.44,52.14,52.88,6095208
12-05-2017,55.93,57.23,55.5,56.86,3230662
11-05-2017,56.36,56.86,54.05,55.93,3459969
10-05-2017,53.53,56.76,52.88,55.78,4588000
09-05-2017,54.21,54.61,52.76,53.56,1849378
08-05-2017,50.27,55.87,49.96,53.93,4227495
05-05-2017,51.25,51.25,50.08,50.33,1255508
04-05-2017,51.77,52.02,50.64,51.31,830154
03-05-2017,52.36,52.61,51.37,51.62,1410883
02-05-2017,52.91,53.13,51.93,52.18,895490
28-04-2017,52.91,53.04,52.36,52.76,1368304
27-04-2017,52.54,53.25,52.42,52.58,931739
26-04-2017,52.95,52.95,52.39,52.67,803122
25-04-2017,52.36,53.25,52.24,52.42,2181656
24-04-2017,53.04,53.28,52.11,52.33,1333609
21-04-2017,52.91,53.1,52.27,52.42,905907
20-04-2017,53.13,53.53,51.87,52.11,1530505
19-04-2017,53.16,53.5,52.67,52.95,1748752
18-04-2017,52.98,54.3,52.79,52.95,1638563
17-04-2017,53.1,53.28,52.45,52.79,1469101
13-04-2017,53.87,54.02,52.85,53.04,1984828
12-04-2017,54.24,54.52,53.28,53.41,1999008
11-04-2017,54.21,54.79,54.05,54.45,1342653
10-04-2017,54.39,54.39,53.59,54.05,1256271
07-04-2017,53.9,55.07,53.65,53.78,143
06-04-2017,54.15,54.85,53.07,53.28,141
05-04-2017,52.51,54.27,52.39,53.99,141
03-04-2017,52.67,53.04,52.05,52.33,2282115
31-03-2017,53.9,54.18,52.54,52.79,2997240
30-03-2017,54.95,55.01,53.25,53.56,3867123
29-03-2017,55.32,55.32,54.42,54.67,20734737
28-03-2017,54.3,55.44,54.02,54.49,3320800
27-03-2017,55.99,55.99,53.47,53.9,4190500
24-03-2017,57.2,57.23,55.69,55.96,2465886
23-03-2017,56.73,57.07,56.21,56.43,3441864
22-03-2017,56.06,57.75,55.07,56.33,6966458
21-03-2017,60.37,60.95,55.53,57.26,29021308
20-03-2017,67.73,76.23,56.67,60.12,44139229
17-03-2017,69.92,70.22,65.91,66.47,4591080
16-03-2017,69.98,70.9,68.56,69.58,5884662
15-03-2017,63.48,71.15,63.45,69.55,9568170
14-03-2017,66.22,66.47,62.68,63.48,3917216
10-03-2017,64.37,65.82,63.76,64.28,2285758
09-03-2017,65.7,65.73,63.54,64,2446005
08-03-2017,67.14,67.14,64.9,65.42,2198781
07-03-2017,67.76,68.13,66.5,66.87,1154899
06-03-2017,68.38,68.87,66.31,67.64,2336406
03-03-2017,67.76,69.55,67.33,68.13,2414825
02-03-2017,69.98,70.35,66.68,67.48,3547596
01-03-2017,71.12,71.27,68.99,69.73,3002552
28-02-2017,67.82,72.01,65.97,71.12,259795593
27-02-2017,73.3,73.3,69.85,70.59,2721281
23-02-2017,70.69,75.4,70.69,73.7,12287411
22-02-2017,66.1,70.29,66.07,69.27,4426192
21-02-2017,67.14,67.76,65.7,66.71,2975583
20-02-2017,67.82,68.9,66.25,66.96,3287211
17-02-2017,64.96,66.53,62.83,65.3,2797336
16-02-2017,66.1,67.33,65.36,66.4,1067391
15-02-2017,67.73,67.76,65.73,66,1943526
14-02-2017,65.91,69.15,65.2,67.67,3819838
13-02-2017,62.83,66.53,62.83,66.16,174
10-02-2017,68.38,68.93,67.61,67.98,2055909
09-02-2017,67.76,68.41,66.99,67.91,2178429
08-02-2017,66.53,68.38,66.1,67.48,4369977
07-02-2017,66.96,67.7,65.79,66.13,2300719
06-02-2017,68.75,68.81,65.63,66.71,5064300
03-02-2017,68.68,70.19,66.9,67.27,5339096
02-02-2017,65.91,70.72,64.77,67.64,10620570
01-02-2017,67.76,68.81,64.22,66.19,14843219
31-01-2017,62.22,73.24,60.34,67.88,40486177
30-01-2017,49.22,61.91,48.97,60.34,24851380
27-01-2017,47.25,48.08,46.51,47.92,1391911
25-01-2017,46.57,47.06,45.46,46.79,1545739
24-01-2017,45.09,46.82,45.09,46.57,1985477
23-01-2017,44.17,45.46,43.37,45.12,1614920
20-01-2017,43.09,44.66,42.84,43.98,3535052
19-01-2017,41.55,43,41.09,42.72,4480917
18-01-2017,42.63,42.84,41.15,41.58,1757386
17-01-2017,43.4,44.04,42.5,42.63,766911
16-01-2017,42.6,43.46,42.5,43.12,1135971
13-01-2017,44.23,44.26,41.03,42.53,2091122
12-01-2017,45.8,45.86,44.11,44.48,938755
11-01-2017,45.95,46.48,45.65,45.95,224808
10-01-2017,45.83,46.08,45.46,45.92,244067
09-01-2017,45.21,45.92,45.18,45.58,315859
06-01-2017,45.03,45.98,44.72,44.91,624612
05-01-2017,45.52,46.29,45.21,46.02,583477
04-01-2017,44.54,46.05,44.54,45.65,604041
03-01-2017,46.35,46.35,44.97,45.25,578404
02-01-2017,45.65,46.54,45.21,46.17,645000
30-12-2016,45.28,46.14,44.48,45.55,959211
29-12-2016,43.95,45,43.71,44.84,679869
28-12-2016,43.67,44.35,43.21,43.95,715151
27-12-2016,42.87,43.4,42.01,43.21,545294
26-12-2016,43.8,43.8,42.53,42.75,588070
23-12-2016,44.41,44.41,43.43,43.61,475731
22-12-2016,44.6,44.78,43.83,44.04,585398
21-12-2016,45.12,46.05,44.51,45,565104
20-12-2016,46.63,46.97,44.97,45.12,454727
19-12-2016,46.29,47.68,46.29,46.94,1780901
16-12-2016,47.49,47.52,46.38,46.94,261057
15-12-2016,46.57,47.65,46.57,47.43,378692
14-12-2016,46.88,47.89,46.85,47.49,405201
13-12-2016,46.54,47.56,46.51,47.4,425713
12-12-2016,47.19,47.19,45.98,46.57,122
09-12-2016,47.31,47.62,46.72,47.31,477911
08-12-2016,46.82,47.28,46.26,47.06,696674
07-12-2016,45.83,47.09,45.68,46.38,850409
06-12-2016,44.88,45.98,44.75,45.83,354294
05-12-2016,45.28,45.55,44.2,44.78,1169649
02-12-2016,43.95,45.74,43.77,45.28,3331860
01-12-2016,48.05,48.05,44.35,44.94,1817925
30-11-2016,48.91,49.03,47.19,47.77,953338
29-11-2016,48.51,49,47.8,48.76,1912740
28-11-2016,44.63,47,44.63,46.69,1565523
25-11-2016,44.14,45.55,44.14,45.37,769545
24-11-2016,44.66,44.66,43.89,44.11,425284
23-11-2016,44.04,45.03,43.77,44.78,589627
22-11-2016,43.8,44.29,43.46,43.95,861425
21-11-2016,42.78,44.6,42.78,43.77,1290024
18-11-2016,43.49,44.2,42.72,43.77,2713073
17-11-2016,43.46,43.98,42.87,43.12,1018029
16-11-2016,44.69,44.78,42.94,43.43,1869963
15-11-2016,43.18,44.51,42.63,43.95,1431614
11-11-2016,44.97,44.97,43,43.09,115
10-11-2016,44.57,45.8,44.57,44.97,723075
09-11-2016,43.06,44.81,40.66,44.57,2159989
08-11-2016,46.17,46.17,44.32,44.94,772256
07-11-2016,44.69,45.55,44.69,45.09,939146
04-11-2016,45.34,45.83,44.07,44.38,2810294
03-11-2016,45.95,46.72,45.15,45.34,1387727
02-11-2016,47.15,47.15,45.65,45.77,1593305
01-11-2016,47.15,47.65,47.06,47.19,1205516
30-10-2016,47.4,47.65,47.25,47.37,417336
28-10-2016,48.11,48.42,46.85,46.94,1344830
27-10-2016,48.11,48.63,46.97,47.77,894511
26-10-2016,46.79,49.03,46.32,48.48,2279091
25-10-2016,45.89,47.4,45.61,46.45,2005544
24-10-2016,48.08,48.91,47.03,47.43,1299062
21-10-2016,48.54,49.71,47.68,49.28,1153015
20-10-2016,48.05,49.19,47.8,48.23,1950253
19-10-2016,44.97,47.99,44.72,47.06,2895011
18-10-2016,44.66,45.49,43.89,44.97,1945224
17-10-2016,46.2,46.51,44.51,44.63,1116106
14-10-2016,46.88,47.12,45.71,46.05,3307771
13-10-2016,49.25,49.31,46.6,46.82,1205252
10-10-2016,49.46,49.68,48.91,49.13,305308
07-10-2016,49.34,49.62,49.03,49.25,436239
06-10-2016,49.87,49.87,49,49.22,595110
05-10-2016,50.57,50.82,49,49.25,1510872
04-10-2016,49.96,50.45,49.34,49.99,704815
03-10-2016,49.28,50.11,48.6,49.9,1445451
30-09-2016,48.17,49.96,48.08,48.82,907469
29-09-2016,51.04,51.13,48.36,49.03,1342942
28-09-2016,49.28,51.19,49.06,50.82,1197161
27-09-2016,49.28,49.5,48.79,48.97,948612
26-09-2016,50.54,50.88,49.34,49.59,785979
23-09-2016,51.31,51.44,50.51,50.79,843390
22-09-2016,52.33,52.33,51.31,51.47,654224
21-09-2016,51.93,52.05,51.59,51.9,641289
20-09-2016,52.36,52.51,51.53,51.65,1462959
19-09-2016,52.36,52.73,52.05,52.21,613252
16-09-2016,52.05,52.73,51.44,52.3,1047024
15-09-2016,51.53,52.36,51.19,51.93,939195
14-09-2016,50.7,51.81,50.7,51.53,709240
12-09-2016,51,51.62,50.54,51,1133573
09-09-2016,52.36,52.51,51.37,51.5,1153692
08-09-2016,51.59,52.58,51.56,51.99,1369549
07-09-2016,51.68,52.24,51.25,51.56,1924128
06-09-2016,51.74,52.51,50.7,52.18,4288034
02-09-2016,50.51,52.27,49.68,51.77,11089039
01-09-2016,57.6,57.72,51.25,51.56,12124792
31-08-2016,58.21,58.21,57.44,57.6,681834
30-08-2016,58.21,58.64,57.47,57.78,793925
29-08-2016,57.9,58.7,57.38,58.18,635054
26-08-2016,58.7,58.89,57.38,57.87,1467438
25-08-2016,60.74,60.74,58.67,58.92,976911
24-08-2016,60.95,60.95,59.75,60.49,1863078
23-08-2016,58.46,62.71,58.3,62.09,4454808
22-08-2016,58.15,58.37,57.53,58.18,610021
19-08-2016,58.21,58.21,57.38,57.66,564347
18-08-2016,58.03,58.21,57.6,57.72,545433
17-08-2016,58.46,58.67,57.26,57.53,1307666
16-08-2016,58.52,58.52,57.29,58.27,1015187
12-08-2016,59.07,59.07,57.41,57.84,1222162
11-08-2016,57.66,59.2,57.44,58.83,1419505
10-08-2016,59.88,60.37,57.01,57.26,3188167
09-08-2016,60.61,61.29,59.47,59.84,3068273
08-08-2016,65.23,65.42,63.2,63.51,1100302
05-08-2016,64.86,65.82,64.8,65.36,477049
04-08-2016,64.68,65.08,63.69,64.86,428625
03-08-2016,64.68,65.2,64.19,64.43,521131
02-08-2016,64.19,64.8,63.05,64.09,685034
01-08-2016,64.68,65.05,63.63,64.19,419242
29-07-2016,64.68,65.2,64.06,64.37,505545
28-07-2016,65.88,66.59,64.5,64.74,558938
27-07-2016,66.31,67.11,64.68,65.51,750670
26-07-2016,65.85,67.17,65.85,66.31,620344
25-07-2016,65.79,66.31,65.36,65.94,654031
22-07-2016,65.3,66.19,64.86,65.73,509985
21-07-2016,64.93,65.57,64.68,64.9,574093
20-07-2016,65.48,66.1,64.68,64.96,640756
19-07-2016,63.79,65.79,63.39,65.51,1284055
18-07-2016,68.99,69.42,63.29,64,3988052
15-07-2016,66.56,68.75,66.5,68.47,1632894
14-07-2016,65.73,66.71,65.45,66.28,772541
13-07-2016,64.62,65.91,64.13,65.7,1034476
12-07-2016,63.51,64.34,63.23,64.13,431779
11-07-2016,63.45,63.97,63.39,63.63,603896
08-07-2016,64.53,64.53,61.94,62.77,1001109
07-07-2016,65.02,65.6,64.34,64.62,374274
05-07-2016,65.57,65.7,64.59,64.9,449213
04-07-2016,65.48,66.37,65.11,65.51,1839295
01-07-2016,65.88,66.16,64.96,65.33,812620
30-06-2016,65.27,66.59,65.02,65.63,1796713
29-06-2016,64.86,65.11,64.31,64.62,992773
28-06-2016,62.4,64.74,62.22,64.25,1945886
27-06-2016,61.29,62.25,61.29,61.82,488386
24-06-2016,61.6,61.6,59.54,61.26,1333544
23-06-2016,62.83,63.05,62.31,62.59,2572128
22-06-2016,62.4,63.23,62.25,62.46,4499797
21-06-2016,63.6,63.63,62.71,62.92,1238112
20-06-2016,62.12,63.69,61.75,63.42,1766669
17-06-2016,61.66,62.46,61.51,62.25,530818
16-06-2016,62.19,62.4,61.29,61.54,762032
15-06-2016,61.72,62.89,61.51,61.91,1067831
14-06-2016,61.48,62.03,60.68,61.45,1328800
13-06-2016,63.45,63.48,61.26,61.57,1839828
10-06-2016,64.09,64.86,63.54,63.73,791563
09-06-2016,64.74,65.11,64.13,64.59,740687
08-06-2016,65.6,65.73,64.4,64.77,1213144
07-06-2016,65.48,65.82,64.53,64.9,10795987
06-06-2016,64.68,65.67,64.19,65.39,1975047
03-06-2016,69.92,69.98,64.59,65.63,42662899
02-06-2016,72.01,74.97,71.46,72.9,1041167
01-06-2016,71.12,72.63,70.53,72.29,637894
31-05-2016,70.22,71.36,68.99,70.66,6396
30-05-2016,69.61,72.2,68.99,69.82,828057
27-05-2016,69.61,71.12,69.08,69.76,559792
26-05-2016,67.27,70.72,67.27,70.13,852377
25-05-2016,64.68,68.13,64.37,67.51,1160977
24-05-2016,67.58,68.31,64.93,66.19,719916
23-05-2016,67.3,68.35,67.02,67.91,464769
20-05-2016,66.96,68.53,66.19,67.27,499148
19-05-2016,68.13,68.31,65.91,66.22,460985
18-05-2016,68.38,68.53,67.39,68.07,362714
17-05-2016,69.3,70.47,68.38,68.53,694123
16-05-2016,69.61,70.22,68.07,68.84,379995
13-05-2016,68.99,70.41,68.99,69.61,601148
12-05-2016,69.45,69.79,68.59,68.93,543841
11-05-2016,68.99,72.32,67.91,68.53,1592461
10-05-2016,70.72,70.72,69.3,69.55,593195
09-05-2016,70.78,71.12,69.3,70.07,429101
06-05-2016,69.92,70.72,69.15,69.95,752162
05-05-2016,73.92,74.47,68.87,69.98,1075526
04-05-2016,73.3,74.6,72.23,73.67,365416
03-05-2016,72.69,74.44,72.16,73.8,415612
02-05-2016,73.12,73.74,71.52,72.41,405153
29-04-2016,75.46,76.94,71.12,72.87,3321144
28-04-2016,77.43,78.88,76.97,77.95,660914
27-04-2016,76.32,78.57,75.83,77,723195
26-04-2016,73.3,76.57,72.93,76.23,768661
25-04-2016,73.12,73.43,72.2,72.84,328630
22-04-2016,72.07,73.03,70.84,72.41,391487
21-04-2016,71.15,73,70.84,72.07,466305
20-04-2016,74.54,74.81,71.61,71.86,722563
18-04-2016,70.84,75.09,70.84,74.41,828513
13-04-2016,70.9,71.86,69.98,70.69,844860
12-04-2016,72.01,72.07,69.33,69.89,1138391
11-04-2016,67.51,71.64,66.96,71.02,1216946
08-04-2016,67.51,67.64,66.13,67.08,354346
07-04-2016,68.68,68.99,66.84,67.39,248705
06-04-2016,67.64,69.82,67.33,68.53,523161
05-04-2016,69.79,69.79,66.96,67.36,521872
04-04-2016,66.34,70.41,66.34,69.79,1077420
01-04-2016,67.61,68.25,65.57,65.85,5598183
31-03-2016,67.39,68.81,66.44,67.61,592826
30-03-2016,65.97,67.85,65.85,67.21,591867
29-03-2016,64.77,66.74,64.77,65.97,659412
28-03-2016,64.68,65.48,63.79,64.96,609623
23-03-2016,63.17,65.6,62.83,64.8,1077594
22-03-2016,63.39,63.39,62.52,62.89,360924
21-03-2016,63.14,63.42,62.59,62.8,289206
18-03-2016,63.29,63.76,62.43,62.89,627950
17-03-2016,60.83,62.77,60.83,61.82,800093
16-03-2016,61.35,61.35,60.43,60.58,306054
15-03-2016,62.55,62.55,60.74,61.11,425523
14-03-2016,63.45,63.69,62.46,62.62,375545
11-03-2016,64.31,65.23,62.31,62.86,787536
10-03-2016,65.3,65.85,64.25,64.46,318321
09-03-2016,65.3,65.94,63.82,65.42,396011
08-03-2016,65.17,65.91,64.53,65.02,432562
04-03-2016,67.08,67.08,64.34,65.11,25425523
03-03-2016,65.85,67.45,65.45,66.68,1287672
02-03-2016,64.8,66.68,64.8,65.73,494427
01-03-2016,63.94,65.54,63.57,65.11,328231
29-02-2016,64.68,65.42,63.39,64.34,533976
26-02-2016,65.51,65.57,63.76,64.96,295610
25-02-2016,64.71,66.04,63.91,65.2,453640
24-02-2016,65.3,66.62,64.22,64.4,431401
23-02-2016,67.48,67.61,64.34,65.67,2952167
22-02-2016,67.14,68.31,66.68,67.3,208763
19-02-2016,66.53,67.76,65.05,66.77,4553136
18-02-2016,67.7,67.7,64.74,66.34,556438
17-02-2016,64.86,67.14,63.82,66.4,384062
16-02-2016,68.96,69.05,64.56,64.86,501731
15-02-2016,67.94,68.99,66.04,67.05,622937
12-02-2016,62.22,68.53,62.22,67.76,1064403
11-02-2016,61.66,63.85,61.01,62.12,862784
10-02-2016,64,64,60.09,61.66,436247
09-02-2016,62.83,63.69,62.06,62.99,296523
08-02-2016,62.52,64.46,62.49,62.86,329188
05-02-2016,62.46,62.8,61.48,62.49,536964
04-02-2016,64.06,64.71,61.08,61.63,614982
03-02-2016,63.45,63.94,61.51,63.48,558674
02-02-2016,64.9,65.82,63.51,64.06,659974
01-02-2016,63.51,64.96,63.51,64.59,445341
29-01-2016,64.62,65.73,63.08,63.51,762469
28-01-2016,67.3,67.7,64.13,64.53,856782
27-01-2016,66.31,68.07,65.48,67.27,598750
25-01-2016,65.91,67.05,64.53,65.85,585406
22-01-2016,70.84,70.84,65.05,65.82,4391461
21-01-2016,72.72,73.89,69.48,70.16,455602
20-01-2016,71.46,72.9,69.24,72.35,501000
19-01-2016,68.99,72.6,68.13,71.83,483349
18-01-2016,68.99,69.76,67.51,68.53,578231
15-01-2016,73.3,75.46,68.62,69.45,1113571
14-01-2016,74.54,74.94,72.13,73.55,983739
13-01-2016,77.92,78.57,73.89,74.63,512912
12-01-2016,81.93,81.93,76.35,77.22,512763
11-01-2016,81.93,81.93,79.65,80.23,276745
08-01-2016,81.8,82.54,81,82.11,167136
07-01-2016,82.79,83.25,81,82.17,423200
06-01-2016,83.16,84.92,82.79,83.16,377860
05-01-2016,83.84,85.01,83.1,83.5,222847
04-01-2016,88.09,88.09,83.1,83.59,545377
01-01-2016,88.55,88.89,87.63,88,192891
31-12-2015,87.41,89.17,86.12,88.55,380011
30-12-2015,86.86,87.26,86.33,86.67,199352
29-12-2015,86.15,87.29,85.99,86.52,308346
28-12-2015,87.47,87.47,85.32,86.15,220644
24-12-2015,87.04,87.66,85.87,86.95,429593
23-12-2015,86.24,86.7,85.75,86.06,248560
22-12-2015,86.24,86.73,76.6,85.87,541615
21-12-2015,82.94,85.56,82.42,85.1,250195
18-12-2015,83.16,83.56,81.99,83.19,769102
17-12-2015,83.47,83.47,81.65,82.39,465278
16-12-2015,81.93,84.08,81.31,83.5,507343
15-12-2015,82.54,83.1,79.53,81.19,750391
14-12-2015,82.42,83.41,80.2,83.16,377844
11-12-2015,83.16,83.34,80.85,81.1,383200
10-12-2015,84.85,84.85,82.24,82.85,344080
09-12-2015,84.39,84.39,81.03,82.27,489537
08-12-2015,83.78,85.19,82.85,83.53,683932
07-12-2015,85.38,86.06,84.15,84.52,248852
04-12-2015,85.62,86.02,84.55,85.5,314503
03-12-2015,86.86,86.86,85.62,86.39,264922
02-12-2015,88.09,88.21,85.56,86.3,443375
01-12-2015,87.47,89.44,86.95,87.19,413685
30-11-2015,88.7,88.7,86.27,87.1,450448
27-11-2015,89.94,90.98,87.96,88.77,614263
26-11-2015,86.21,91.81,84.15,90.58,1174122
24-11-2015,85.62,87.01,84.36,86.15,468141
23-11-2015,83.93,86.24,83.16,85.9,676731
20-11-2015,82.54,85.13,81.37,83.65,443857
19-11-2015,84.27,84.27,81.13,82.17,351370
18-11-2015,81.13,83.59,80.63,82.79,758508
17-11-2015,81.19,81.5,79.59,80.73,341619
16-11-2015,80.63,81.31,79.8,80.26,340545
13-11-2015,81.31,81.31,79.49,79.8,551417
11-11-2015,80.11,81.47,79.96,80.94,193159
10-11-2015,83.04,83.19,78.23,79.83,835310
09-11-2015,84.48,84.48,81.25,82.82,729330
06-11-2015,85.41,86.73,84.42,85.75,350479
05-11-2015,86.92,86.92,85.01,85.59,539300
04-11-2015,86.24,87.29,85.84,86.86,381778
03-11-2015,86.79,87.13,85.44,85.78,425190
02-11-2015,86.55,87.04,85.5,86.33,386032
30-10-2015,87.35,87.66,85.72,86.09,319833
29-10-2015,87.41,87.6,86.3,86.86,449369
28-10-2015,87.47,87.75,86.55,86.95,396479
27-10-2015,86.79,88.12,86.12,86.76,1850140
26-10-2015,87.35,87.81,85.72,86.92,780547
23-10-2015,91.78,92.28,85.01,86.52,2064567
21-10-2015,92.49,94.56,92.49,93.39,404794
20-10-2015,94.25,94.31,92.52,93.23,187399
19-10-2015,92.65,94,90.92,93.29,263570
16-10-2015,93.17,93.85,90.95,92.65,343841
15-10-2015,93.63,94.62,93.39,94,188185
14-10-2015,93.02,94.56,92.68,93.17,228450
13-10-2015,96.84,97.36,93.39,94.03,313789
12-10-2015,97.91,98.01,96.34,97.11,155674
09-10-2015,97.02,98.16,96.19,97.27,119929
08-10-2015,98.53,98.53,95.57,96.56,258607
07-10-2015,97.27,98.74,96.96,97.91,338851
06-10-2015,95.02,97.97,94.86,97.45,432930
05-10-2015,92.46,95.14,92,94.74,685442
01-10-2015,92.15,94.65,90.86,92.43,810482
30-09-2015,86.24,92.71,86.24,92,1163472
29-09-2015,86.92,87.66,84.55,85.81,454141
28-09-2015,86.27,89.38,86.27,87.87,292701
24-09-2015,87.29,87.78,85.56,85.78,338208
23-09-2015,88.09,88.46,86.76,87.04,209364
22-09-2015,89.97,90.55,87.5,88.24,305659
21-09-2015,90.4,90.86,89.44,89.78,250731
18-09-2015,90.55,91.85,89.66,90.58,289190
16-09-2015,88.95,91.04,88.95,90.18,261097
15-09-2015,92.28,92.28,88.52,88.89,242805
14-09-2015,92.4,92.4,89.94,91.08,204776
11-09-2015,92.28,92.83,91.01,91.66,179133
10-09-2015,91.48,92.46,89.32,91.38,493065
09-09-2015,91.48,95.7,90.06,91.91,2644380
08-09-2015,89.81,90.92,88.33,90,304607
07-09-2015,92.28,92.28,88.95,89.32,188828
04-09-2015,91.94,92.77,90.21,91.81,1170729
03-09-2015,95.48,95.48,91.75,92.37,492513
02-09-2015,93.63,95.73,91.81,95.14,209810
01-09-2015,95.48,95.51,90.61,92.18,198683
31-08-2015,96.34,96.47,94.59,96,280367
28-08-2015,94.86,95.76,94.12,94.71,306955
27-08-2015,94.8,94.99,93.02,93.51,230065
26-08-2015,93.2,95.73,91.78,93.42,314742
25-08-2015,90.24,94.59,88.58,93.2,463909
24-08-2015,92.4,92.71,86.86,90.49,483844
21-08-2015,96.1,96.1,93.79,94,256782
20-08-2015,100.28,100.28,95.82,96.68,2362208
19-08-2015,97.94,99.3,96.65,99.08,444776
18-08-2015,100.62,100.75,98.01,98.5,225182
17-08-2015,99.79,100.87,99.02,100.1,263539
14-08-2015,96.8,100.56,96.68,99.36,353549
13-08-2015,101.64,102.13,96.07,97.02,385748
12-08-2015,100.41,100.41,97.82,99.58,319472
11-08-2015,101.64,101.64,98.93,99.36,234039
10-08-2015,103.18,103.49,100.59,100.99,534419
07-08-2015,104.72,105.18,102.32,102.78,280343
06-08-2015,102.63,104.6,101.95,103.67,389849
05-08-2015,101.82,103.12,101.58,102.26,289500
04-08-2015,105.34,105.61,100.44,101.33,791558
03-08-2015,107.25,107.25,104.9,105.37,185531
31-07-2015,105.34,107.25,105.34,106.48,198654
30-07-2015,105.09,106.57,104.5,105.03,310323
29-07-2015,105.12,105.46,101.64,104.54,10372120
28-07-2015,106.11,107.12,103.61,104.1,251886
27-07-2015,110.26,110.26,105.34,105.8,217597
24-07-2015,109.89,110.85,109.34,110.02,232067
23-07-2015,110.29,111.06,109.03,109.68,224021
22-07-2015,113.9,114.88,108.75,110.23,1124662
21-07-2015,114.24,114.88,111.37,112.3,532511
20-07-2015,111.74,113.96,111.74,113.37,213119
17-07-2015,110.88,112.73,110.42,111.68,256256
16-07-2015,109.34,110.88,108.29,110.42,214732
15-07-2015,108.51,109.96,108.05,108.94,222086
14-07-2015,107.21,108.72,107.21,108.35,103625
13-07-2015,107.49,108.72,107.28,107.92,150560
10-07-2015,110.88,111.34,107.25,107.89,279679
09-07-2015,111.43,112.42,110.33,110.66,188685
08-07-2015,110.26,111.8,108.79,111.06,214318
07-07-2015,111.65,112.48,109.96,111.53,161294
06-07-2015,110.26,111.71,109.77,111.47,131008
03-07-2015,112.73,113.47,111,111.53,238388
02-07-2015,110.85,113.04,110.85,112.27,371013
01-07-2015,108.97,110.91,107.89,110.2,284896
30-06-2015,105.31,108.54,104.66,108.2,2805148
29-06-2015,103.49,105.58,103.49,104.32,4035703
26-06-2015,106.35,107.37,105.18,105.95,1102594
25-06-2015,107.12,108.29,106.6,106.88,118062
24-06-2015,107.74,109.56,106.48,107.06,184065
23-06-2015,107.8,108.42,106.38,107.86,201330
22-06-2015,108.02,108.66,106.57,107.92,206698
19-06-2015,107.49,108.88,106.44,108.02,245646
18-06-2015,105.34,107.8,104.32,107,395404
17-06-2015,103.98,105.64,102.9,104.94,267610
16-06-2015,107.8,107.8,102.87,103.98,370330
15-06-2015,106.32,108.39,104.2,108.11,353519
12-06-2015,102.87,105.89,101.67,105.09,394104
11-06-2015,109.03,109.03,102.38,103.4,345245
10-06-2015,109.03,110.08,107.34,108.17,174036
09-06-2015,109.03,109.62,106.72,109.31,138489
08-06-2015,109.96,110.94,107.62,108.69,159205
05-06-2015,107.86,110.54,107.28,109.8,454356
04-06-2015,107.8,110.26,106.6,107.12,421386
03-06-2015,105.95,108.69,103.86,107.98,393352
02-06-2015,106.57,107.43,104.72,105.92,230537
01-06-2015,106.57,107.8,105.55,106.04,162495
29-05-2015,104.66,108.05,103.52,106.69,541953
28-05-2015,105.58,105.58,101.73,104.17,378601
27-05-2015,102.26,105.61,101.76,104.66,1552464
26-05-2015,103.36,103.98,101.82,102.29,279414
25-05-2015,103.03,105.03,102.07,103.06,327614
22-05-2015,107.18,107.18,102.16,103.03,2259109
21-05-2015,109.34,109.34,105.64,106.14,299359
20-05-2015,110.91,110.97,107.8,108.26,222784
19-05-2015,108.6,110.66,107.92,110.08,358106
18-05-2015,106.97,108.91,105.64,108.72,238446
15-05-2015,106.57,108.26,105.64,106.72,348869
14-05-2015,104.29,106.54,102.66,106.14,475622
13-05-2015,104.38,104.63,101.73,103.61,330037
12-05-2015,106.2,106.38,102.44,103.3,433881
11-05-2015,104.66,107.25,104.6,105.61,348995
08-05-2015,108.42,109.16,103.73,104.6,391443
07-05-2015,105.95,107,104.84,106.44,457312
06-05-2015,110.73,112.2,105.43,105.83,854464
05-05-2015,110.7,111.5,108.72,110.11,368524
04-05-2015,109.03,110.23,107.98,109.86,594731
30-04-2015,110.82,111.06,106.81,107.77,1071023
29-04-2015,121.2,122.03,110.57,111.96,2202544
28-04-2015,114.79,120.89,113.5,117.99,1199287
27-04-2015,113.04,116.61,112.64,114.79,2094760
24-04-2015,113.44,114.58,111.8,112.51,206718
23-04-2015,115.32,116.3,112.42,113.81,316383
22-04-2015,115.01,115.96,112.42,114.79,367813
21-04-2015,118.27,119.47,113.71,114.18,760260
20-04-2015,121.35,121.66,117.53,118.18,7694656
17-04-2015,124.74,125.6,120.64,121.32,491096
16-04-2015,121.97,125.57,121.97,124.86,584740
15-04-2015,124.62,124.86,121.78,122.43,527963
13-04-2015,120.12,125.36,120.09,124.62,942057
10-04-2015,114.58,121.07,114.58,120.55,2862942
09-04-2015,118.55,120.06,114.76,115.65,490779
08-04-2015,121.66,122.28,117.16,118.36,988164
07-04-2015,119.1,122.21,117.35,121.41,378515
06-04-2015,116.89,119.5,115.35,119.1,616367
01-04-2015,112.42,117.29,112.3,116.58,1000183
31-03-2015,113.84,115.44,111.93,113.19,1380735
30-03-2015,105.27,114.58,105.27,112.79,1072922
27-03-2015,113.53,115.13,102.41,105.61,1759519
26-03-2015,106.94,113.34,105.86,111.13,1022508
25-03-2015,104.9,107.95,104.9,106.81,360994
24-03-2015,105.34,107.31,104.1,104.66,447479
23-03-2015,107.8,109.86,104.81,105.55,766644
20-03-2015,107.8,110.14,106.85,107.62,1323096
19-03-2015,108.66,110.26,107,107.74,694537
18-03-2015,108.97,111.56,107.4,107.95,636268
17-03-2015,107.18,110.26,106.57,108.82,577989
16-03-2015,112.67,112.7,106.32,106.69,1387131
13-03-2015,107.55,113.04,106.26,112.17,2264919
12-03-2015,100.84,108.29,100.28,107.77,2439601
11-03-2015,95.48,101.89,94.53,100.84,1659357
10-03-2015,93.02,100.04,89.57,94.77,1634682
09-03-2015,92,92.86,88.21,91.88,390203
05-03-2015,96.84,96.87,91.78,92.37,928747
04-03-2015,95.33,99.18,94.28,96.19,1362516
03-03-2015,93.91,96.34,93.91,94.4,801604
02-03-2015,94.25,95.17,93.17,94.34,445222
28-02-2015,96.03,96.34,92.09,93.88,305468
27-02-2015,96.22,96.25,93.57,95.36,505453
26-02-2015,94.22,95.79,93.88,95.39,2111851
25-02-2015,93.57,94.12,92.62,93.85,645541
24-02-2015,93.42,94.68,91.48,92,329138
23-02-2015,95.42,95.48,93.14,93.82,712018
20-02-2015,94.83,94.83,92.12,92.8,676860
19-02-2015,99.79,99.79,92.83,93.82,932019
18-02-2015,98.56,99.79,96.25,97.79,437756
16-02-2015,95.48,97.79,95.33,97.11,201013
13-02-2015,94.43,95.85,93.85,95.17,220557
12-02-2015,94.09,94.74,93.08,94.43,202239
11-02-2015,93.17,93.54,92.4,93.11,428386
10-02-2015,94.86,95.63,92.4,92.86,304620
09-02-2015,95.08,95.73,93.97,94.86,394310
06-02-2015,94.86,95.91,94.31,95.54,371341
05-02-2015,95.48,96.03,94.4,94.86,229461
04-02-2015,95.63,97.33,94.8,94.99,253534
03-02-2015,95.76,96.37,93.79,94.86,284896
02-02-2015,95.48,95.66,93.26,94.89,279869
30-01-2015,97.54,98.56,94.68,95.2,372516
29-01-2015,101.21,101.21,97.67,98.25,471711
28-01-2015,105.95,106.32,100.53,102.26,874797
27-01-2015,104.72,105.4,101.95,104.94,585315
23-01-2015,102.53,104.17,101.02,103.8,484411
22-01-2015,100.44,103.77,100.13,102.07,618438
21-01-2015,97.02,101.02,96.4,100.5,721609
20-01-2015,96.71,97.33,95.23,96.93,319937
19-01-2015,93.32,96.03,92.86,95.6,331919
16-01-2015,91.91,94.62,91.91,93.48,275506
15-01-2015,90.8,93.63,90.8,92.34,2957685
14-01-2015,89.94,92,89.94,91.26,2805718
13-01-2015,90.43,91.35,89.94,90.4,1889506
12-01-2015,90.86,91.01,89.1,90.03,231578
09-01-2015,93.82,94.37,89.69,90.83,2084073
08-01-2015,94.25,94.25,92.95,93.82,215935
07-01-2015,92.4,93.45,91.54,92.34,205388
06-01-2015,95.11,95.66,92.4,92.4,4543073
05-01-2015,98.56,99.36,94.19,94.43,277943
02-01-2015,98.56,99.08,97.02,98.28,278008
01-01-2015,95.48,98.56,94.86,98.13,363990
